Tanggal,Tn,Tx,Tavg,RH_avg,RR,ss,ff_x,ddd_x,ff_avg,ddd_car
01-08-2021,20.6,30.2,24.3,71,0.2,4.8,5,180,2,SE
02-08-2021,20.6,29.8,24.1,72,0.2,6,3,140,1,C 
03-08-2021,19.6,29.2,23,77,1.5,7.7,5,130,2,SE
04-08-2021,19.8,28,22.9,79,0.2,6.2,3,90,1,C 
05-08-2021,19.7,27.1,22.8,80,0.2,5.4,3,90,1,C 
06-08-2021,17.8,29.6,22.9,71,0.2,1.2,3,110,1,C 
07-08-2021,18,28.8,22.6,80,0.2,7.8,3,160,1,C 
08-08-2021,19.8,29.6,23.4,80,1,5.5,5,250,1,SW
09-08-2021,19.8,30,23.8,80,41.4,6,3,100,2,E 
10-08-2021,20,30.4,24.6,78,4.8,6.2,5,90,2,E 
11-08-2021,19.8,30,24.1,65,0.2,6.3,6,110,2,E 
12-08-2021,17.8,29.4,22.2,69,0.2,9.4,3,140,2,SE
13-08-2021,17.8,27.2,22.8,80,0.2,8,3,30,1,E 
14-08-2021,19.4,30.6,23.9,74,0.2,1.7,4,110,2,E 
15-08-2021,19.4,31,24.2,69,0.2,8.1,5,100,3,E 
16-08-2021,19.4,30.7,23.7,73,0.2,9.4,5,100,2,E 
17-08-2021,18.8,31,24.4,67,0.2,8.5,4,260,1,C 
18-08-2021,19,30,23.3,72,0.2,8.1,4,280,1,SE
19-08-2021,19.4,28,22.7,82,1.9,6.6,3,110,1,C 
20-08-2021,18.8,28,22.8,76,40.4,4.4,3,200,2,E 
21-08-2021,20.2,28,23.1,79,0.8,5.2,3,160,2,E 
22-08-2021,19.4,29.4,23.6,75,0.2,2.3,4,140,2,C 
23-08-2021,18.8,30.6,23.7,72,0.2,6.3,3,70,2,E 
24-08-2021,19.2,30,23.9,67,0.2,7,3,120,2,E 
25-08-2021,17.6,30.6,23.7,60,0.2,7.1,4,50,2,E 
26-08-2021,18.4,30.6,23.2,66,0.2,7.8,2,120,1,C 
27-08-2021,18.2,30.4,23.2,70,0.2,7.8,4,290,1,C 
28-08-2021,18,29,23,69,0.2,8.6,4,120,2,E 
29-08-2021,19,29,22.9,76,0.2,6.6,2,120,1,E 
30-08-2021,19.7,30.8,24.5,70,0.2,3.1,4,110,2,E 
31-08-2021,20.6,30.8,24.7,71,0.2,5.7,4,10,2,E 
01-09-2021,19.8,31.4,24.5,71,0.2,7.5,3,90,2,C 
02-09-2021,19.8,30.6,24.1,69,0.2,7.1,4,70,2,E 
03-09-2021,20,31.4,24.4,63,0.2,8.5,4,110,2,E 
04-09-2021,18.4,29.8,23.5,66,0.2,7.5,3,90,2,E 
05-09-2021,20.6,29.6,24.1,73,0.2,6.3,4,110,2,E 
06-09-2021,20.6,30.6,24.2,73,0.2,6,3,80,1,C 
07-09-2021,21.8,29.6,23.9,81,0.2,4,3,110,1,E 
08-09-2021,19.4,31.8,23.9,72,2.2,4.2,5,110,3,E 
09-09-2021,18.2,30.7,23.5,61,0.2,9.1,4,100,2,E 
10-09-2021,18.4,29.2,23.3,67,0.2,7.5,3,100,1,C 
11-09-2021,19,30,23.5,78,0.2,6.2,3,150,1,SE
12-09-2021,21,28.2,23.9,81,20,3.9,3,90,2,E 
13-09-2021,21.6,30,24.7,74,0.4,0.3,4,131,2,E 
14-09-2021,21.5,27.3,21.7,90,0.2,2.1,2,300,0,C 
15-09-2021,19.4,29.2,23.6,83,18.3,0,3,260,1,C 
16-09-2021,19,29.8,23.1,77,0.6,3.1,2,140,1,C 
17-09-2021,19.7,31,24.2,71,1.6,5.8,4,90,2,E 
18-09-2021,19.8,31.6,25.3,65,0.2,8.3,3,112,2,E 
19-09-2021,20.6,30.5,24.5,72,0.2,8.3,3,40,2,NE
20-09-2021,20.6,31.4,23.8,74,0.2,5.8,4,110,1,E 
21-09-2021,19,29.2,22.7,78,0.2,2.9,4,90,2,NW
22-09-2021,20.2,30.8,24.4,72,2.7,4.7,4,100,2,E 
23-09-2021,20.4,29.2,23.6,76,0.2,3.8,4,110,2,E 
24-09-2021,20.5,30.6,24.3,74,0.2,4.8,3,30,2,SE
25-09-2021,20.2,29.6,23.9,81,0.2,2.2,2,290,1,E 
26-09-2021,20,29.6,21.9,89,0.4,4.6,3,130,2,SE
27-09-2021,19.6,30,23.7,82,26.6,5.3,3,240,1,E 
28-09-2021,20.2,30.6,24.7,74,0.2,5.6,2,80,1,C 
29-09-2021,20.2,30.2,24.3,76,0.2,5.9,3,80,1,C 
30-09-2021,20.6,31.6,24.1,78,0.2,5.3,3,140,1,NW
01-10-2021,21.4,31.2,25.2,75,6,7.1,2,120,1,C 
02-10-2021,21.4,29.6,24.8,74,0.2,5.2,3,200,1,C 
03-10-2021,20.4,29.5,24,76,0.2,5.7,2,240,1,C 
04-10-2021,21.2,29.2,24.2,80,2.7,5.3,5,250,1,C 
05-10-2021,19.4,31.4,24.4,72,0.4,3.4,3,280,2,SW
06-10-2021,19.3,30.4,24.5,77,0.3,8.8,4,240,2,E 
07-10-2021,21,29.7,24.7,68,0.2,7.8,4,260,2,SW
08-10-2021,20.6,28.6,24,76,0.2,5.7,3,203,1,C 
09-10-2021,20.4,30.2,24.6,75,1.2,3.8,3,110,1,C 
10-10-2021,19.8,31.8,24.5,70,0.2,5.9,5,100,2,E 
11-10-2021,19.8,30.4,23.5,75,0.2,6.6,4,100,2,E 
12-10-2021,19.6,32.2,25,64,0.2,4.4,5,80,2,C 
13-10-2021,19.8,29.2,24.5,70,0.2,7.6,2,100,1,C 
14-10-2021,20.6,31,24.2,76,0.2,2.7,3,140,1,C 
15-10-2021,21,29.6,24.1,78,3.4,4.5,3,110,2,E 
16-10-2021,20.8,30,24.7,78,0.2,1.5,3,170,1,E 
17-10-2021,20,30.8,24.5,80,38.5,1.2,4,110,1,C 
18-10-2021,20.8,24.8,21.9,92,0.8,1,2,290,0,C 
19-10-2021,18.8,28.8,21.6,93,10.2,0,4,240,1,C 
20-10-2021,19.2,30.5,24,80,48.8,3.2,5,110,2,E 
21-10-2021,21,30.6,24.3,80,0.6,6.5,2,210,1,SW
22-10-2021,19.6,30.6,24,81,24,6.4,4,110,1,C 
23-10-2021,20,30,24,76,1,6.1,2,70,1,E 
24-10-2021,20.4,29.8,24.2,78,0.2,4.2,5,140,2,W 
25-10-2021,21.2,30.5,24.3,80,2.9,7,3,280,1,C 
26-10-2021,20,30.2,24,79,0.2,5.3,4,260,1,W 
27-10-2021,20.2,29,23.1,87,5.3,6.2,4,256,1,C 
28-10-2021,20.2,27.8,23.1,88,22.4,2.3,2,315,1,C 
29-10-2021,19.8,28.2,22.7,86,7.4,2.5,3,150,1,C 
30-10-2021,19.4,29.4,22.9,83,33.8,3.4,2,120,1,C 
31-10-2021,20.8,30.2,22.8,90,8.7,2.7,3,30,1,C 
01-11-2021,20.4,27.6,22.5,91,20.9,4.3,3,278,1,C 
02-11-2021,20,29.8,23,84,10.6,2.8,4,16,1,C 
03-11-2021,19.7,28.4,23.2,86,65.6,4.7,3,258,1,C 
04-11-2021,21.2,30.6,23.4,88,27.7,4.1,4,330,1,C 
05-11-2021,20.2,29.6,23.9,84,18.2,4.7,2,210,0,C 
06-11-2021,20.6,29.2,23.7,86,5,4.3,3,140,1,C 
07-11-2021,21.2,27.6,23,86,0.2,5.5,2,130,0,C 
08-11-2021,19.8,27.8,22.6,88,11,1.4,4,280,1,C 
09-11-2021,19.8,29.8,23.6,81,12.8,1.9,4,190,1,C 
10-11-2021,21.3,29,23.3,88,34.4,4.3,2,240,1,C 
11-11-2021,21,26.4,23.6,74,38.5,2.1,2,280,1,W 
12-11-2021,20.2,28,22.2,88,0.3,0,2,160,0,C 
13-11-2021,20,28.2,22.3,90,16.4,0.2,3,220,1,C 
14-11-2021,20.15506494,29.4,23.8,81,44.2,2.3,3,250,1,C 
15-11-2021,20.4,25.7,22.2,90,8.8,2.8,2,230,0,C 
16-11-2021,20.6,28.6,23.5,84,16.1,0.1,4,300,1,C 
17-11-2021,20,30.3,23.6,82,3.7,1.7,4,220,1,C 
18-11-2021,21.2,30.2,24.1,81,1.8,6.2,3,250,1,C 
19-11-2021,21.2,25.4,22.2,92,4.7,5.6,3,300,1,C 
20-11-2021,20.4,29.4,24,75,30.3,0,5,270,2,W 
21-11-2021,20.7,30.8,24.6,74,0.2,3.6,3,270,2,W 
22-11-2021,20.7,30.2,25.5,73,0.2,5.7,3,280,2,W 
23-11-2021,20.7,29.4,24.8,74,0.2,4.8,4,240,2,W 
24-11-2021,21.6,27,23.7,80,0.2,2.2,3,260,1,W 
25-11-2021,21,30.6,24.1,72,0.2,0.7,4,120,2,W 
26-11-2021,21.4,29.6,23.8,86,20,6.7,3,260,1,C 
27-11-2021,20.4,29.2,23.3,83,3.6,4.2,4,250,1,C 
28-11-2021,19.8,28,22.5,84,33.8,5,3,250,2,W 
29-11-2021,19.1,30.5,23,84,9,2.6,3,260,1,C 
30-11-2021,19.6,29,24,79,16.9,7.5,3,260,1,C 
01-12-2021,20.8,30.2,24.4,76,1.2,3.7,3,200,1,C 
02-12-2021,21,29.48076923,23.70641026,78.39666239,0.3,4.9,4,240,2,W 
03-12-2021,21,30.2,25.1,76,2,9.3,3,260,2,W 
04-12-2021,21.7,25,22.6,83,3.8,5.9,3,260,1,C 
05-12-2021,20.8,27.2,23.2,78,0.6,0,3,260,1,SW
06-12-2021,21.4,30,24.7,76,0.2,0.5,6,290,3,W 
07-12-2021,20.6,29.48076923,22.4,90,9.6,4.6,4,280,2,W 
08-12-2021,21.2,30.4,24.9,78,3.6,0.7,5,260,2,SW
09-12-2021,21.4,30.8,24.3,80,0.2,9,4,300,1,C 
10-12-2021,20.9,30,23.7,84,8.6,5.9,4,200,1,C 
11-12-2021,21,28.8,22.6,90,12,6.7,3,260,1,C 
12-12-2021,20.4,29.5,23.5,83,8.9,4,3,270,1,C 
13-12-2021,19.4,30.8,23.4,84,2.2,4.4,3,80,1,C 
14-12-2021,20,29.6,24,80,23,6.3,5,300,1,C 
15-12-2021,21,29.6,24.1,79,0.2,4,2,250,1,C 
16-12-2021,21.4,27.6,23.4,90,25.4,3.9,4,120,1,C 
17-12-2021,21.2,30,23.6,85,6.4,1.3,3,320,0,C 
18-12-2021,20.8,31,24.1,81,12.6,3.7,2,190,0,C 
19-12-2021,19.6,30,24,79,3,4.6,3,220,1,C 
20-12-2021,19.5,28.8,23.4,84,1,6,1,130,0,C 
21-12-2021,19.5,25,22.2,92,4.8,0.2,2,220,0,C 
22-12-2021,19.8,28.6,23.2,82,17,0,6,260,1,C 
23-12-2021,21,28.6,23.1,88,31.3,2.5,2,300,1,C 
24-12-2021,20.6,30,23.5,81,3.1,3.4,3,260,1,C 
25-12-2021,20.4,29.6,23.7,81,0.2,5.8,2,190,1,C 
26-12-2021,20.8,30.4,24.3,78,0.9,3.1,3,230,1,C 
27-12-2021,21,30.8,24.2,80,0.3,5.8,4,220,1,C 
28-12-2021,19.8,30.2,23.7,78,13.8,5.6,4,220,1,C 
29-12-2021,20.3,29.6,24.2,80,0.2,6,4,280,2,W 
30-12-2021,20.2,29.6,23.9,80,2.9,3,4,240,1,C 
31-12-2021,20.9,29.8,24.4,79,0.2,2.4,3,300,2,W 
01-01-2022,20.8,30,24.8,70,0.2,4.1,4,290,2,W 
02-01-2022,19.8,30.2,24.1,73,0.2,5,4,200,1,C 
03-01-2022,19.8,31,24.4,70,0.2,6,4,270,2,W 
04-01-2022,20.6,30.8,24.4,72,0.2,8.2,3,270,1,C 
05-01-2022,20.4,30.6,24.5,74,0.2,7.5,3,210,2,W 
06-01-2022,20.8,31.6,24.6,79,0.2,8,3,280,1,W 
07-01-2022,20.6,30.6,23.6,84,9.8,5.7,3,230,1,C 
08-01-2022,19.5,30.2,24,77,36.5,5,2,260,1,SW
09-01-2022,20.4,29.8,25,69,0.2,6.8,4,230,2,W 
10-01-2022,21,30.4,24.2,79,0.2,6.8,4,240,2,SW
11-01-2022,20.8,29.4,24.2,77,0.2,6.6,7,270,2,W 
12-01-2022,20.8,28.8,23.6,79,7.4,5.9,4,250,2,SW
13-01-2022,20.6,28.6,23.3,80,2.8,6.2,3,230,2,SW
14-01-2022,20.8,28.6,23.5,82,0.2,5,4,270,2,W 
15-01-2022,20.8,28.8,23.8,80,0.8,2.7,4,280,2,C 
16-01-2022,21.2,28.6,24.3,74,0.2,3.5,3,230,1,W 
17-01-2022,20.6,30.4,24.5,75,0.2,4,4,180,2,W 
18-01-2022,21,29.2,24.2,78,1.2,7.7,4,250,2,W 
19-01-2022,21.2,30.2,24,79,0.2,3,5,270,3,W 
20-01-2022,21.4,27,23.5,76,0.2,7.7,3,220,2,SW
21-01-2022,20.6,30,24,73,0.2,0.5,3,250,2,W 
22-01-2022,21.2,29.6,24.3,75,0.2,8.1,4,220,2,W 
23-01-2022,21.2,31,24.8,76,0.2,3.1,4,240,2,SW
24-01-2022,22.2,31.2,25.5,69,0.2,4.8,4,280,2,W 
25-01-2022,22.2,30.8,25.6,72,0.2,6.7,4,200,2,W 
26-01-2022,22,30.4,25,74,0.2,7.1,6,230,2,W 
27-01-2022,22,30.2,24.8,74,0.2,6,4,240,2,SW
28-01-2022,21.6,29.7,24.5,72,0.2,6.8,5,240,2,W 
29-01-2022,21.2,31.4,25.2,70,0.3,4.3,4,220,2,SW
30-01-2022,21,31.2,24.4,76,0.2,9,3,250,1,C 
31-01-2022,21.1,31.4,24.8,75,0.7,4.7,3,260,2,W 
01-01-2022,20.8,30,24.8,70,0.2,4.1,4,290,2,W 
02-01-2022,19.8,30.2,24.1,73,0.2,5,4,200,1,C 
03-01-2022,19.8,31,24.4,70,0.2,6,4,270,2,W 
04-01-2022,20.6,30.8,24.4,72,0.2,8.2,3,270,1,C 
05-01-2022,20.4,30.6,24.5,74,0.2,7.5,3,210,2,W 
06-01-2022,20.8,31.6,24.6,79,0.2,8,3,280,1,W 
07-01-2022,20.6,30.6,23.6,84,9.8,5.7,3,230,1,C 
08-01-2022,19.5,30.2,24,77,36.5,5,2,260,1,SW
09-01-2022,20.4,29.8,25,69,0.2,6.8,4,230,2,W 
10-01-2022,21,30.4,24.2,79,0.2,6.8,4,240,2,SW
11-01-2022,20.8,29.4,24.2,77,0.2,6.6,7,270,2,W 
12-01-2022,20.8,28.8,23.6,79,7.4,5.9,4,250,2,SW
13-01-2022,20.6,28.6,23.3,80,2.8,6.2,3,230,2,SW
14-01-2022,20.8,28.6,23.5,82,0.2,5,4,270,2,W 
15-01-2022,20.8,28.8,23.8,80,0.8,2.7,4,280,2,C 
16-01-2022,21.2,28.6,24.3,74,0.2,3.5,3,230,1,W 
17-01-2022,20.6,30.4,24.5,75,0.2,4,4,180,2,W 
18-01-2022,21,29.2,24.2,78,1.2,7.7,4,250,2,W 
19-01-2022,21.2,30.2,24,79,0.2,3,5,270,3,W 
20-01-2022,21.4,27,23.5,76,0.2,7.7,3,220,2,SW
21-01-2022,20.6,30,24,73,0.2,0.5,3,250,2,W 
22-01-2022,21.2,29.6,24.3,75,0.2,8.1,4,220,2,W 
23-01-2022,21.2,31,24.8,76,0.2,3.1,4,240,2,SW
24-01-2022,22.2,31.2,25.5,69,0.2,4.8,4,280,2,W 
25-01-2022,22.2,30.8,25.6,72,0.2,6.7,4,200,2,W 
26-01-2022,22,30.4,25,74,0.2,7.1,6,230,2,W 
27-01-2022,22,30.2,24.8,74,0.2,6,4,240,2,SW
28-01-2022,21.6,29.7,24.5,72,0.2,6.8,5,240,2,W 
29-01-2022,21.2,31.4,25.2,70,0.3,4.3,4,220,2,SW
30-01-2022,21,31.2,24.4,76,0.2,9,3,250,1,C 
31-01-2022,21.1,31.4,24.8,75,0.7,4.7,3,260,2,W 
01-02-2022,21.2,30.8,24,77,5,7.2,4,250,2,C 
02-02-2022,21.7,29.4,23.5,83,0.2,7.6,3,240,1,C 
03-02-2022,20.2,29.6,23.2,81,2.4,2.4,3,280,1,C 
04-02-2022,20.4,30,23.9,78,1.3,4.6,5,250,2,C 
05-02-2022,21.8,28,22.4,85,0.2,4.2,3,260,1,W 
06-02-2022,21.2,27.4,23.3,80,9.6,1.2,8,290,3,W 
07-02-2022,21,28,23.4,81,3.2,2.8,4,290,2,W 
08-02-2022,20,26.2,22.6,86,2.2,0.8,3,230,1,C 
09-02-2022,20,29.6,23,82,1.4,0.1,4,270,2,W 
10-02-2022,19.8,27.5,23,80,9.8,5.5,4,270,2,SW
11-02-2022,20.2,29.6,23.7,72,0.2,0.5,4,230,2,W 
12-02-2022,20,29.6,24.3,74,0.2,6.2,4,270,2,W 
13-02-2022,21.4,27.6,23.5,78,0.2,1.2,3,230,1,SW
14-02-2022,20.7,29.4,23.4,77,0.2,1.8,4,110,1,C 
15-02-2022,20.5,30.6,24.2,76,5.2,4.8,2,110,1,C 
16-02-2022,21.2,30.4,24.3,76,12,1.7,3,230,1,C 
17-02-2022,20.6,27.8,23.1,86,1.6,4.7,3,250,1,C 
18-02-2022,20.2,25.8,22.1,90,22.2,2.4,1,260,0,C 
19-02-2022,20,25.6,21.7,91,13,0,2,130,0,C 
20-02-2022,20,29,23.3,84,15.7,1.4,3,260,1,C 
21-02-2022,21.1,30,23.7,78,0.2,0.9,3,230,1,C 
22-02-2022,20.2,30.4,23.9,77,0.7,3.8,3,270,1,C 
23-02-2022,20.2,30.4,24.4,73,0.2,5.4,4,240,2,W 
24-02-2022,21.4,31,24.8,67,0.2,7.8,4,260,2,W 
25-02-2022,21,28.6,24.1,67,0.2,3,4,260,2,W 
26-02-2022,21.4,29.4,23.7,73,0.2,2.9,4,250,2,W 
27-02-2022,21.4,28,23.3,79,4.4,4.3,4,250,2,SW
28-02-2022,20.6,28,23.3,77,7.2,2.5,5,270,2,W 
01-03-2022,20.6,29.4,24,79,0.4,3.2,3,260,2,W 
02-03-2022,21.6,30.4,25.1,70,0.2,2.1,3,230,2,W 
03-03-2022,21.8,30.4,24.6,74,0.2,7.5,3,230,1,C 
04-03-2022,21.9,30.4,25.1,72,0.2,4.9,5,260,3,W 
05-03-2022,20.6,30.2,23.6,82,3.6,4.7,4,270,2,SW
06-03-2022,21,29.6,24.2,76,14.4,4.4,4,250,2,W 
07-03-2022,21.6,29.8,24.1,80,0.2,5.2,3,240,1,SW
08-03-2022,20.4,29.6,23.1,88,15,1.3,2,70,1,C 
09-03-2022,20,29.2,22.8,86,13.6,3.6,3,300,1,C 
10-03-2022,20.4,30.6,23.9,83,31.5,2.4,5,240,1,C 
11-03-2022,20.6,30.6,23.8,82,9.6,5.8,2,300,1,W 
12-03-2022,20.6,28.8,23.3,84,1.8,6.5,7,290,2,W 
13-03-2022,20,30.8,23.9,84,10.2,3.9,5,210,2,W 
14-03-2022,19.7,30.8,23.7,81,47,7.4,2,90,1,E 
15-03-2022,19.8,27.2,23.7,84,16,6,2,90,1,C 
16-03-2022,19.9,30.6,22.9,86,0.2,0.1,3,270,1,C 
17-03-2022,19.6,30.5,24.5,80,0.2,4,3,220,1,SW
18-03-2022,21.8,28.8,23.5,84,0.6,5,3,250,1,C 
19-03-2022,20,30.4,23.6,83,17,3.2,3,210,1,C 
20-03-2022,20.2,31.4,24.3,77,29,4.9,7,230,2,SW
21-03-2022,22,28.4,24.5,72,0.2,5.8,4,250,1,W 
22-03-2022,21.8,30.2,24.7,78.39666239,0.2,1.9,3,260,2,W 
23-03-2022,22,30.2,24.8,72,0.2,4.2,4,270,2,W 
24-03-2022,21,31.4,24.6,75,0.2,4,5,280,2,W 
25-03-2022,21.6,31,25.3,72,0.2,8.4,2,250,1,C 
26-03-2022,21.8,28.4,24.2,80,0.2,5.8,3,270,1,C 
27-03-2022,20.6,31.2,24.6,74,0.8,1.8,4,260,2,W 
28-03-2022,20.8,29.6,24.4,78,27.8,9,4,280,2,W 
29-03-2022,18.8,30.6,23.6,69,0.2,4.3,2,260,1,C 
30-03-2022,19.4,31.4,25.2,66,0.2,8.6,3,250,1,W 
31-03-2022,21.2,31.2,24.7,79,0.2,7.5,3,240,1,SW
01-04-2022,20,28.4,23.1,83,14.2,5.5,5,230,1,C 
02-04-2022,20.9,30.2,24.2,78,0.2,2.6,2,290,1,C 
03-04-2022,21.4,30,23.7,83,0.8,5.2,5,290,1,W 
04-04-2022,20,31,23.7,79,19.6,4.6,4,270,1,C 
05-04-2022,20.4,29,23.3,86,0.4,6.1,1,70,0,C 
06-04-2022,19.6,29.8,22.7,88,12.6,3.8,2,260,0,C 
07-04-2022,18.6,29.2,22.1,86,6.6,4.5,4,280,2,C 
08-04-2022,18.6,29.8,22.6,83,23.2,4.7,4,250,1,C 
09-04-2022,19.8,29.2,22.6,84,13.3,4.9,2,260,0,C 
10-04-2022,19.4,27.6,21.5,91,15.4,5.1,2,130,0,C 
11-04-2022,19.8,28.2,22,94,40.4,3.6,2,250,0,C 
12-04-2022,20.8,28.2,22.9,88,24.7,3.6,2,270,1,W 
13-04-2022,18.4,29.8,23.2,79,5.1,3.7,3,260,1,C 
14-04-2022,20.4,29,23.5,83,0.8,7.2,3,240,0,C 
15-04-2022,20.5,29.4,23.8,85,0.2,5.4,2,70,1,C 
16-04-2022,19.8,29.6,23.5,81,44.4,4.8,3,110,1,C 
17-04-2022,20.4,29.2,23.7,86,16.1,5.3,2,280,1,C 
18-04-2022,22.2,28.8,24.7,80,3,5.9,2,120,0,C 
19-04-2022,20.6,30.6,24,80,20.8,0,3,230,1,SW
20-04-2022,20.6,30.6,24.1,82,12.9,8.2,5,230,2,SW
21-04-2022,20.8,25.8,23.1,85,0.2,7,2,210,1,C 
22-04-2022,19.7,29.2,22.3,84,1.8,0,3,300,1,C 
23-04-2022,20,29,22.8,90,9.8,5.2,2,280,0,C 
24-04-2022,20.4,30.6,23.6,83,21,5,4,270,1,C 
25-04-2022,19.2,31.4,23.3,80,14.5,6,3,230,1,C 
26-04-2022,20.6,29.2,24.2,82,9.4,7.1,2,250,1,C 
27-04-2022,20.15506494,29.6,24.2,79,1,2,4,250,1,W 
28-04-2022,21.6,29.2,24.2,78,0.2,5.7,3,240,1,C 
29-04-2022,21.4,30.6,24.4,80,0.2,1.5,3,240,1,C 
30-04-2022,21.6,27.8,23.7,85,4.2,5.8,2,250,1,C 
01-05-2022,21,29.2,23.5,83,7.7,1.4,3,250,1,C 
02-05-2022,20.2,30.6,23.6,84,27.2,4,4,90,1,E 
03-05-2022,19.5,31.2,24.3,77,21.8,6.4,3,70,2,E 
04-05-2022,20,31.6,23.6,80,0.2,8.3,4,110,2,E 
05-05-2022,20,29.8,23.9,80,0.2,7.3,3,200,1,C 
06-05-2022,20.6,29.6,24.3,80,0.2,5,2,120,1,C 
07-05-2022,20.6,29.8,23.9,79,0.2,7.1,4,240,1,C 
08-05-2022,20.8,31,25.1,79,3.9,7.2,3,250,1,E 
09-05-2022,20.8,31.6,24.4,83,0.2,5.3,3,200,1,NE
10-05-2022,20.6,31.4,24.5,82,14.3,4.8,3,110,1,C 
11-05-2022,20.7,30,25.4,81,1.5,6.8,4,230,2,W 
12-05-2022,20.6,30,25.2,79,1.4,5.3,4,290,2,W 
13-05-2022,22,31.4,25.6,76,0.2,3.3,3,290,2,W 
14-05-2022,22.2,29.4,25.4,82,0.2,8.6,2,270,1,C 
15-05-2022,22.4,31,24.6,82,15,1.8,2,40,1,C 
16-05-2022,20.4,31,23.8,83,3.2,3.9,3,100,1,C 
17-05-2022,20.6,30,23.8,82,3.7,5.9,5,180,1,C 
18-05-2022,20.2,31,24.3,73,11,5.5,3,260,2,W 
19-05-2022,20.2,28.8,24.3,83,0.2,9.2,2,100,1,C 
20-05-2022,21.6,30.2,24.4,80,0.2,3.3,5,110,1,C 
21-05-2022,21.2,27.4,23,84,3.2,6.3,3,290,1,C 
22-05-2022,20.8,28.2,22.8,88,9.8,1.7,3,300,1,C 
23-05-2022,20,29.6,23.7,78,10.7,2.6,3,290,1,C 
24-05-2022,19.4,27.8,22.9,83,0.2,4.9,2,120,1,C 
25-05-2022,20,28.2,23.1,85,1.4,2.2,2,100,1,C 
26-05-2022,20,26.6,22.4,86,5,4,2,70,1,C 
27-05-2022,19,31.2,24.3,72,0.2,0,3,230,1,SW
28-05-2022,20,29.2,23.2,76,1.6,8.6,5,260,2,W 
29-05-2022,20.4,29.6,23.6,81,4.5,7.7,3,250,1,C 
30-05-2022,20,27,22.7,84,0.2,7.6,3,210,1,W 
31-05-2022,19.2,30,23.1,78,0.2,2.9,5,240,2,SW
01-06-2022,19.2,30.2,24.4,78,0.2,8.7,4,270,1,C 
02-06-2022,21.4,28.6,24.1,83,0.2,7.7,4,210,1,C 
03-06-2022,19.2,29,22.7,82,0.8,1.7,2,90,1,C 
04-06-2022,20.4,28.4,23.3,83,7.8,4.5,3,210,0,C 
05-06-2022,20.2,28.8,23.1,84,1.2,4.5,2,210,0,C 
06-06-2022,19.6,26.4,21.5,89,16,5.5,1,100,0,C 
07-06-2022,19.6,28,22.8,85,10.5,0.4,2,300,1,C 
08-06-2022,19.8,27.4,22.7,86,0.2,5.8,3,260,1,C 
09-06-2022,19.7,28.2,22.4,84,1.7,4.3,3,230,1,C 
10-06-2022,19.4,30,23.3,77,0.2,2.9,3,110,1,C 
11-06-2022,19.3,27.8,23.1,84,0.2,6.5,2,70,1,C 
12-06-2022,20,28.6,22.9,85,19,4.2,2,90,0,C 
13-06-2022,19.3,28.4,22.9,85,27,4.7,2,250,0,C 
14-06-2022,20,29.2,23.8,83,2.8,5.2,3,90,1,C 
15-06-2022,20,26.8,23.5,82,0.2,4.2,2,120,1,C 
16-06-2022,19.2,26.8,22.2,84,0.2,0.3,2,120,1,C 
17-06-2022,19.8,26.4,22.2,88,0.2,0.8,2,130,0,C 
18-06-2022,19.4,29.48076923,22,84,0.2,0,3,250,1,C 
19-06-2022,19,28.4,22.8,84,0.4,5,3,250,1,E 
20-06-2022,19.2,29,22.9,82,0.2,6,3,100,1,C 
21-06-2022,19,29,22.4,84,11.8,5,5,100,2,E 
22-06-2022,19,29.4,23.5,78,0.2,7.4,4,100,2,E 
23-06-2022,19.5,29.6,23.4,73,0.6,7.4,3,100,1,C 
24-06-2022,19.8,28.6,22.8,79,0.2,8.3,3,100,1,E 
25-06-2022,18.8,27.6,22.3,80,0.2,5.1,3,110,1,W 
26-06-2022,19,25.8,21.8,91,0.2,4.3,2,290,0,C 
27-06-2022,20.6,28.2,23.1,86,33.4,0.2,3,250,1,C 
28-06-2022,19.4,28.6,23.1,78,17.4,3.3,3,90,2,E 
29-06-2022,19,29.4,23.1,73,0.2,8.3,2,250,1,C 
30-06-2022,17.6,29.2,22.3,72,0.2,9.8,3,60,1,C 
01-07-2022,16.8,29.2,21.8,70,0.2,8.4,6,100,2,E 
02-07-2022,18.8,30.4,24,74,0.2,10,3,110,1,E 
03-07-2022,20.2,30.4,24.2,77,0.2,7.1,3,100,1,C 
04-07-2022,21,30.6,24.5,73,0.2,5.9,5,50,2,NE
05-07-2022,19.6,29.4,22.3,86,0.2,5.8,2,50,1,C 
06-07-2022,21.4,28,23.5,86,14.5,5.9,4,240,1,C 
07-07-2022,20,30.2,23.8,78,3.7,4,3,260,1,C 
08-07-2022,19.5,30,23.3,72,0.2,9.4,2,120,1,E 
09-07-2022,18,29.6,22.1,73,0.2,7.9,5,110,2,E 
10-07-2022,17.6,27.8,21.3,80,0.2,8.2,3,110,1,E 
11-07-2022,17.6,29.2,22.4,75,0.2,4,2,260,1,C 
12-07-2022,18,30.3,24.1,74,0.2,5,5,100,2,E 
13-07-2022,21,29.48076923,23.70641026,78.39666239,0.2,6.1,2,10,1,C 
14-07-2022,20.2,29.4,23.3,83,10.3,1,2,220,1,C 
15-07-2022,20.6,27.4,23.2,87,25.8,3.2,2,270,1,C 
16-07-2022,20.15506494,26,20.8,87,22,3.1,2,350,0,C 
17-07-2022,20.15506494,29.48076923,23.70641026,78.39666239,0.2,4.912755102,3.293519695,194.3824651,1.15501906,
18-07-2022,20.15506494,29.48076923,23.70641026,78.39666239,0.2,4.912755102,3.293519695,194.3824651,1.15501906,
19-07-2022,20.15506494,29.48076923,23.70641026,78.39666239,0.2,4.912755102,4,100,1,E 
20-07-2022,20.15506494,28.6,23.70641026,78.39666239,0.2,4.912755102,2,240,1,C 
21-07-2022,20.15506494,29.48076923,23.70641026,78.39666239,0.2,7.9,4,70,2,E 
22-07-2022,20.15506494,29.48076923,23.70641026,78.39666239,0.2,4.912755102,3.293519695,194.3824651,1.15501906,
23-07-2022,20.15506494,29,22.6,80,0.2,1.9,2,20,1,C 
24-07-2022,19,29.4,23.5,78,0.2,7.1,3,130,0,C 
25-07-2022,19.8,29,23.5,74,0.2,6.1,5,220,2,E 
26-07-2022,18.6,29.8,22.9,66,0.2,7.8,3,240,1,C 
27-07-2022,20,28.4,23.9,74,0.2,9.3,3,210,1,C 
28-07-2022,20.15506494,29.48076923,23.70641026,78.39666239,0.2,4.912755102,3.293519695,194.3824651,1.15501906,
29-07-2022,18.8,29.2,22.7,80,0.2,6.2,4,270,2,W 
30-07-2022,18.6,29.4,23,80,4.6,7.1,3,280,2,SW
31-07-2022,20,28.4,23.5,78,0.9,8.3,2,110,1,C 
01-08-2022,18,29.8,22.6,72,0.2,6.3,3,220,1,S 
02-08-2022,17.8,29.4,23.7,76,0.2,9.3,2,270,1,C 
03-08-2022,20.6,29.2,23.70641026,78.39666239,0.2,6.1,4,240,1,C 
04-08-2022,19.6,31,24,78,0.2,4.8,4,120,1,SE
05-08-2022,18.6,29.2,23.2,73,0.2,5.3,4,20,2,C 
06-08-2022,19.2,30.2,23.3,74,0.2,8.5,2,130,1,E 
07-08-2022,18.4,30.4,23.3,74,0.2,6.5,3,100,2,E 
08-08-2022,17.8,30.6,23.4,71,0.2,4.912755102,3,100,2,E 
09-08-2022,17.8,29.8,22.9,74,0.2,8.2,4,130,1,C 
10-08-2022,17.6,29.4,22.6,82,0.2,6.2,2,140,1,C 
11-08-2022,19,29.4,23.4,83,13.8,4.6,3,290,2,E 
12-08-2022,20,28.4,22.2,89,0.8,5.5,2,80,1,C 
13-08-2022,19.4,28.2,22.3,88,3.7,4.1,2,80,1,C 
14-08-2022,18.8,30.8,23.5,80,6.4,3.8,4,110,2,E 
15-08-2022,19,29,22.3,83,0.5,6.6,3,260,1,C 
16-08-2022,18.8,29.8,23.3,78,1.4,3.6,2,260,1,C 
17-08-2022,18.8,30.6,24.1,74,0.2,6.5,3,150,2,E 
18-08-2022,19.8,29.4,24,67,0.2,8.5,5,80,2,E 
19-08-2022,19.6,28.8,23.5,76,0.2,5.8,4,80,2,E 
20-08-2022,20.2,30,24.2,79,0.2,4.4,4,110,1,C 
21-08-2022,20.2,28.6,23.6,78,0.2,6.2,2,100,1,C 
22-08-2022,20,28.8,23.9,80,0.2,4.8,3,70,1,C 
23-08-2022,19,30.8,23.8,74,0.2,5.1,3,70,1,E 
24-08-2022,19.5,29.8,23.6,74,0.2,7.3,3,50,1,C 
25-08-2022,19.2,30.4,23.6,68,0.2,6.7,3,30,2,E 
26-08-2022,18.4,28.2,22.1,80,0.2,7.2,3,220,1,C 
27-08-2022,18.2,29.8,23.3,79,1.8,4.2,2,80,1,E 
28-08-2022,19.6,29,23.3,76,1,5.8,2,100,1,E 
29-08-2022,19.8,29,23.3,76,0.2,6.1,3,100,1,E 
30-08-2022,19.2,30.2,23.4,73,0.2,4.9,2,50,1,NE
31-08-2022,19,29.2,22.9,77,0.5,6.6,3,100,1,C 
01-09-2022,19,27.4,23,82,0.2,4.8,1,130,0,C 
02-09-2022,19.4,28.6,22.7,81,0.2,0,2,100,1,C 
03-09-2022,19.4,30,23.6,79,0.8,4.5,4,240,2,SW
04-09-2022,20.4,30.2,24.1,81,42.2,7.1,3,230,1,C 
05-09-2022,21.4,28,23.8,82,10,6.3,2,50,1,C 
06-09-2022,21,28.8,24,78,3.8,3.8,2,100,1,W 
07-09-2022,19.2,29,22.7,81,1,5,3,90,1,C 
08-09-2022,20.5,27.4,21.8,91,11,4.6,3,260,0,C 
09-09-2022,19.2,26.8,21.8,88,6.8,0,2,250,0,C 
10-09-2022,19.8,27.2,22,90,10,0,2,240,0,C 
11-09-2022,19.5,28,22.3,88,17,1.8,2,110,1,C 
12-09-2022,19.5,28.6,22.6,88,4.6,4.3,2,100,1,C 
13-09-2022,19.2,28.8,23.4,82,11.6,5,3,240,1,C 
14-09-2022,18.8,31.6,23.3,70,0.2,5,4,120,2,E 
15-09-2022,18.5,31,23.6,72,0.2,7.7,3,70,1,E 
16-09-2022,18.8,30,22.7,81,0.2,5.1,4,110,2,E 
17-09-2022,20.2,31.8,24.7,72,0.2,4.3,3,90,1,C 
18-09-2022,20,31.4,24.7,74,1.6,5.1,5,120,2,E 
19-09-2022,19.8,32,24.1,67,0.2,7.5,3,30,1,C 
20-09-2022,19.6,30.2,23,80,0.2,7.5,4,70,2,E 
21-09-2022,18.8,29.2,21.5,89,32.9,5.4,1,60,0,C 
22-09-2022,19.2,31.5,23.3,81,5.9,4.3,3,130,1,E 
23-09-2022,19,31.2,24.2,82,23,4.4,3,290,2,E 
24-09-2022,20.4,31.6,25,71,0.2,5.4,4,100,2,E 
25-09-2022,19.6,32.2,24.6,69,0.2,7.5,3,60,2,E 
26-09-2022,19.6,30.6,23.9,71,0.2,8.6,4,100,2,E 
27-09-2022,19.6,31.4,24.2,71,0.2,6.5,4,110,1,E 
28-09-2022,19.6,31.6,24.3,69,0.2,5.9,3,120,1,C 
29-09-2022,19.8,29.4,23.4,77,0.2,6.3,3,100,1,E 
30-09-2022,19.8,28.6,22.4,82,0.2,4.3,4,110,1,C 
01-10-2022,19.8,29.2,24.2,77,4.7,1.8,2,110,1,E 
02-10-2022,20,28,21.7,90,0.2,3.6,2,260,1,C 
03-10-2022,19.9,30,23.7,81,14.2,1.8,4,260,1,C 
04-10-2022,19.8,29,22.2,92,15.2,5.8,8,100,2,C 
05-10-2022,19.9,27.4,23.3,85,71,3.9,2,200,1,C 
06-10-2022,19.8,28,22.3,86,27.7,2.7,3,100,1,C 
07-10-2022,20.8,26.6,22.4,93,12,3.5,2,280,0,C 
08-10-2022,19.6,28,23,82,24.4,1.5,3,280,1,C 
09-10-2022,19.6,29.4,23.6,83,7.8,2,3,270,1,C 
10-10-2022,20.2,28.6,23.6,79,8,3.4,2,230,1,C 
11-10-2022,20.8,28.6,22.9,84,0.2,0.5,2,120,1,C 
12-10-2022,19,29.2,22.6,85,2.3,1.1,3,130,1,C 
13-10-2022,18.4,29.2,22.4,87,3.2,5.2,2,60,1,C 
14-10-2022,19.2,29.4,23.3,82,17.3,2.4,2,260,0,C 
15-10-2022,21.4,28.4,23.4,86,7.5,6.2,3,220,1,C 
16-10-2022,20,28.4,23.9,82,37.8,3.3,2,70,1,C 
17-10-2022,20.2,29.2,24.1,77,0.2,0,3,250,1,C 
18-10-2022,20.6,30.2,23.6,83,0.2,0,3,220,1,C 
19-10-2022,20.7,27.4,23.2,86,1.7,1.9,2,220,0,C 
20-10-2022,20.3,27,22,94,35.3,0,3,280,0,C 
21-10-2022,19.7,27.4,21.8,93,18.6,0,2,210,1,C 
22-10-2022,20.4,28.8,23.1,90,17,0,2,230,0,C 
23-10-2022,20.6,28.4,23,90,35.3,4.4,3,250,0,C 
24-10-2022,19.7,28.2,22.9,81,0.9,4.1,4,200,2,W 
25-10-2022,20.4,29,24,74,0.2,0,4,210,2,SW
26-10-2022,20,27.4,23.8,76,4.8,6.4,2,250,1,C 
27-10-2022,19.8,29.2,23.4,76,0.2,0.6,3,250,1,W 
28-10-2022,18.6,29.4,23.4,72,0.2,6.9,3,200,2,S 
29-10-2022,19.2,30.2,24.3,72,0.2,0,3,270,2,W 
30-10-2022,20,30.6,24.5,71,0.2,8.7,5,220,2,W 
31-10-2022,21,29.8,24.4,74,0.2,9.1,2,90,1,C 
01-11-2022,21,29.3,24.6,77,0.2,7.2,3,280,1,W 
02-11-2022,20.3,31,23.7,82,1.4,4.5,4,260,2,E 
03-11-2022,20.6,29,24.4,81,16.2,4.9,2,260,0,C 
04-11-2022,21.3,30.2,24,82,13.7,3.4,3,270,1,C 
05-11-2022,20.8,28.4,23.7,85,26.5,5.7,3,220,1,C 
06-11-2022,19.8,27.6,22.1,90,8.8,6,4,260,1,C 
07-11-2022,19.6,28,22.1,88,2.6,0.5,2,270,1,C 
08-11-2022,18.7,28,22.3,86,15.5,0.8,3,240,1,C 
09-11-2022,19.4,29.2,23.1,83,0.5,3.8,3,240,1,C 
10-11-2022,20.2,30,24.3,78,0.5,2.5,4,240,1,C 
11-11-2022,20.3,28.4,23.2,83,40.1,5.5,3,250,1,C 
12-11-2022,19.8,29,22.4,90,4,4.6,2,100,1,C 
13-11-2022,19.8,26.2,22.1,91,26.6,1.6,2,40,0,C 
14-11-2022,20.2,27.6,23.2,88,7.2,0.6,3,290,1,C 
15-11-2022,20,28.8,23.5,82,4.6,3.9,4,240,1,C 
16-11-2022,20.2,30,24.2,77,0.2,3.3,5,230,2,SW
17-11-2022,20,24.8,22.1,88,0.4,5,5,270,2,W 
18-11-2022,19.6,29.4,22.8,82,2.5,0,4,280,2,SW
19-11-2022,19.6,29.4,23.8,78,14.5,5.5,5,230,3,SW
20-11-2022,19.8,30.8,25.7,66,0.2,6.5,4,260,2,SW
21-11-2022,19.2,30.9,24.3,73,0.2,8.5,3,240,1,SW
22-11-2022,18.8,31,25.5,69,0.2,7.9,5,270,2,W 
23-11-2022,20.15506494,30.6,25.1,71,0.2,8.1,3,240,1,C 
24-11-2022,20.7,29.8,23.7,80,3,3,3,270,1,C 
25-11-2022,20.4,26.8,23.5,82,1,4.8,2,220,0,C 
26-11-2022,20.6,26,21.7,92,37.3,0,2,270,1,C 
27-11-2022,19,27.2,22.3,87,13.1,0,2,220,1,C 
28-11-2022,19,27.2,22.7,86,2.2,1.2,2,290,0,C 
29-11-2022,20.4,30,23.9,82,20.6,1.7,3,260,1,C 
30-11-2022,19,29.6,23.4,79,44.2,7.2,3,280,1,C 
01-12-2022,20.8,29.9,24.4,78,0.2,4.6,4,240,1,C 
02-12-2022,21.2,27,23,88,15,5,3,240,0,C 
03-12-2022,19.4,28.6,23,80,11.2,0.6,3,210,1,C 
04-12-2022,20,28.4,22.1,92,2.1,3.7,1,10,0,C 
05-12-2022,19.8,27.6,22.6,88,21.4,3.5,3,230,0,C 
06-12-2022,20,27.6,22.6,90,0.8,4.1,2,250,0,C 
07-12-2022,20.3,26,22.4,91,37.7,3.5,2,230,0,C 
08-12-2022,19.8,29.2,23.2,86,27.7,0.9,3,300,1,C 
09-12-2022,19.4,29,23.4,82,14.3,3,3,220,1,SW
10-12-2022,21,29.2,24.6,74,5,3.7,2,290,0,C 
11-12-2022,20,30.2,23.4,81,0.2,4.2,2,40,1,C 
12-12-2022,19.6,29,23,88,15.4,4.4,4,120,1,C 
13-12-2022,20,28.2,23.2,84,48.2,3.2,3,210,1,C 
14-12-2022,20.4,29.8,23.6,82,0.2,4.2,1,270,0,C 
15-12-2022,20.8,29.8,23.6,83,0.5,4.7,4,230,1,C 
16-12-2022,20.2,30.2,23.3,83,7.6,5.2,2,230,1,C 
17-12-2022,20,31.4,24,82,16,5.5,4,210,1,C 
18-12-2022,20.6,31.2,24.3,82,0.2,6.2,3,240,1,C 
19-12-2022,21.8,30.4,24.7,75,0.6,6.7,3,260,1,W 
20-12-2022,21.4,30.6,24.9,80,0.4,7,5,250,1,W 
21-12-2022,21.2,30.4,25,76,0.7,6.7,4,240,2,W 
22-12-2022,20.15506494,28.6,24.3,74,0.3,6.7,4,280,2,SW
23-12-2022,21,26.4,23.7,76,1.9,2.7,5,210,3,W 
24-12-2022,21.2,28.4,23.9,77,0.2,1.8,4,230,2,SW
25-12-2022,20.6,27.2,22.7,82,4.2,4.4,3,230,1,SW
26-12-2022,20.6,26.2,22.3,84,2.6,0.2,3,260,1,C 
27-12-2022,19.4,25.6,21.6,83,20,0,4,250,2,SW
28-12-2022,19.8,25.6,21.9,81,0.2,0,5,230,2,SW
29-12-2022,19.6,25.4,22.1,84,5.2,0.5,5,250,2,W 
30-12-2022,19.8,25.4,22,85,16.8,0.1,3,240,2,SW
31-12-2022,19.6,25.2,22.1,84,1.9,0,6,240,2,W 
01-01-2023,20,26.8,22.6,83,5.2,0.2,4,220,1,W 
02-01-2023,19.4,28.8,23.8,75,0.2,3.3,4,180,2,W 
03-01-2023,21.4,27.6,23.5,77,0.2,6.1,3,20,2,SW
04-01-2023,21,28.8,23.5,76,0.2,4.8,6,300,2,SW
05-01-2023,20.6,29.4,23.7,79,0.2,5,5,260,2,S 
06-01-2023,20.4,29.48076923,23.70641026,78.39666239,0.2,7.1,3,250,1,SW
07-01-2023,20.15506494,29.48076923,23.70641026,78.39666239,0.2,4.912755102,3.293519695,194.3824651,1.15501906,
08-01-2023,20.15506494,31.2,24.5,73,0.2,6.1,6,240,2,SW
09-01-2023,21.2,30,24.5,73,7.2,5.2,3,250,1,C 
10-01-2023,21.5,29.8,24.6,77,1,4.7,4,230,2,SW
11-01-2023,20.15506494,31.6,25.1,69,0.2,3.5,3,240,1,C 
12-01-2023,21.2,31,24.9,74,0.2,5.9,2,330,1,C 
13-01-2023,20.2,32,24.2,72,0.2,6.4,4,260,1,C 
14-01-2023,19,31.4,24.5,73,0.2,6.5,4,240,2,C 
15-01-2023,19.8,31.4,25.1,72,0.2,7.7,4,250,2,C 
16-01-2023,22,30.6,25,69,0.2,7.6,3,230,1,SW
17-01-2023,21.4,30.2,24.3,78,0.2,7,3,230,1,SW
18-01-2023,21.6,28,23.6,80,0.4,4.3,3,250,1,W 
19-01-2023,21,29.8,24.1,77,2.7,0.2,2,250,1,W 
20-01-2023,20.15506494,30,23.3,78,0.2,5.3,3,240,2,W 
21-01-2023,20,30.6,23.2,81,18.4,4.3,4,240,1,C 
22-01-2023,20.6,30.2,25,72,8.8,6.4,3,240,1,W 
23-01-2023,20.15506494,30,24.6,76,1.3,5.4,4,230,2,SW
24-01-2023,20.6,30.7,24,74,2,4.1,4,250,2,W 
25-01-2023,20.15506494,26,22.6,82,0.2,6.8,4,230,2,W 
26-01-2023,20.4,29.2,23.8,73,2.7,0,5,310,2,W 
27-01-2023,21.6,28,23.6,78,0.2,6.6,5,270,2,SW
28-01-2023,20.15506494,23.4,22.1,90,0.2,1.8,3,250,1,C 
29-01-2023,20.8,27,23,84,18.2,0,2,220,1,SW
30-01-2023,20.5,29.2,24,78,0.2,1.5,4,230,2,SW
31-01-2023,20.2,29.6,24.4,75,0.2,3.8,4,260,2,SW
01-02-2023,21.3,27.6,23.4,80,2.2,2.7,4,240,1,C 
02-02-2023,21.2,27.2,23.6,78,2.9,0.5,5,220,2,W 
03-02-2023,21,26.6,23.1,80,0.7,0,5,200,1,W 
04-02-2023,21,28.4,24.2,72,0.2,0,4,250,1,W 
05-02-2023,20.6,30.2,24.5,62,0.2,2.3,3,220,1,C 
06-02-2023,21.7,29.4,24.2,68,1.2,4.1,6,220,2,W 
07-02-2023,21.6,29.6,24.7,71,0.5,3.7,4,250,2,SW
08-02-2023,21.2,28,23.8,78,0.2,5.7,5,280,2,W 
09-02-2023,21.6,28,23.4,72,0.2,1.5,5,260,2,W 
10-02-2023,21,27,23.1,81,1.5,1.7,4,240,1,C 
11-02-2023,21,25.6,22.7,83,4.6,3.4,3,100,1,C 
12-02-2023,20,24.4,21.3,91,15.2,0.2,3,240,1,C 
13-02-2023,20.2,28,23.4,76,16,0,6,220,2,SW
14-02-2023,20.8,25.6,22.4,85,3,2.5,5,230,2,W 
15-02-2023,20.5,28.2,23.9,74,5.3,0.8,4,240,2,SW
16-02-2023,20.2,27.2,22.9,81,7.5,4.1,6,230,1,C 
17-02-2023,21.3,28.2,23.9,80,1.4,3.6,5,270,1,C 
18-02-2023,21.8,29.8,24.1,76,0.2,3.6,4,250,1,C 
19-02-2023,20.4,30.2,24.2,78,1.8,5,3,230,1,W 
20-02-2023,20.6,28.2,23.8,77,0.2,8.5,4,230,1,W 
21-02-2023,21.6,29,23.9,78,2.1,5.3,5,280,1,W 
22-02-2023,21.2,26.8,23.3,82,0.2,3.8,4,250,2,SW
23-02-2023,21.2,27.6,23.4,82,0.2,1.9,3,240,2,SW
24-02-2023,20.4,24.9,21.8,92,10.5,4.1,4,170,0,C 
25-02-2023,20.4,25.4,22.2,88,7.4,0.3,6,70,2,E 
26-02-2023,19.8,26.4,22.4,86,8.8,0.2,5,110,2,E 
27-02-2023,20.4,24.8,21.9,88,16.2,1.4,5,120,2,E 
28-02-2023,20.6,26.8,22.7,84,2.3,0,4,110,1,C 
01-03-2023,19.9,27,22.3,83,0.3,3.5,4,220,1,C 
02-03-2023,20.15506494,24.6,21.1,90,8.4,3.5,5,150,1,C 
03-03-2023,20.6,29.4,23.8,72,6.4,0,5,290,2,W 
04-03-2023,20.4,27.4,23.2,78,1,5.8,4,290,1,C 
05-03-2023,20.5,29.2,23.6,75,0.2,4.5,4,290,1,C 
06-03-2023,20,30.6,24.3,73,0.2,6.4,4,320,1,C 
07-03-2023,20,30.8,24.6,73,0.2,7,6,250,2,W 
08-03-2023,21.8,30.4,25,72,0.2,8.9,3,270,1,C 
09-03-2023,22,30,24.8,76,0.2,7.2,4,240,1,C 
10-03-2023,21,28.2,23,84,0.2,4.7,2,120,0,C 
11-03-2023,18.6,30.4,23.3,77,13.2,3,2,60,1,C 
12-03-2023,18.6,30.2,24.2,76,0.2,6.3,3,220,1,C 
13-03-2023,19.4,32,24.3,67,0.6,6,3,60,1,C 
14-03-2023,19.4,29.6,24.1,75,0.2,7.5,4,200,1,C 
15-03-2023,19,27.5,22.8,88,5.7,5.2,3,210,0,C 
16-03-2023,19.4,28.6,23.4,82,4.9,0.8,3,230,1,C 
17-03-2023,20,29.6,22.8,84,0.2,4.8,2,90,0,C 
18-03-2023,19,30,23.3,81,58.2,4.5,3,230,0,C 
19-03-2023,18.4,29.4,23.7,84,1,4.2,2,208,1,C 
20-03-2023,20,28.6,22.4,86,15.7,4.1,2,80,0,C 
21-03-2023,19.6,29,23.5,83,15.7,2.9,3,110,1,C 
22-03-2023,19.4,29.4,24.4,86,22.4,4.7,2,70,0,C 
23-03-2023,21.8,29.2,24.7,83,4.6,2.9,3,130,1,C 
24-03-2023,21.8,30.4,24.7,79,1.6,1.9,4,120,1,C 
25-03-2023,21.8,29.6,23.7,86,3.2,6,3,286,0,C 
26-03-2023,20.5,31.4,23.5,83,6.4,4.6,6,160,1,C 
27-03-2023,20,28.2,23.2,86,10.7,6.4,3,210,1,C 
28-03-2023,20,29,23.8,82,11.4,1.3,4,270,1,C 
29-03-2023,20.8,30,24.3,77,0.2,4.7,4,210,1,C 
30-03-2023,20.2,29.6,23.7,80,6,4.2,4,130,1,SW
31-03-2023,21.5,30.2,24.3,77,2.2,5.7,4,220,1,C 
01-04-2023,21.3,27,23.1,83,0.2,3.6,3,217,0,C 
02-04-2023,20,31,23.6,78,0.8,3.3,3,245,0,C 
03-04-2023,20.2,30.6,23.8,78,19.7,5.7,3,298,1,NW
04-04-2023,20.2,30.8,24.4,71,0.2,6.7,4,290,1,C 
05-04-2023,20.4,31.2,24.8,67,0.2,8,4,270,1,C 
06-04-2023,21.2,31,25,64,0.2,7.8,4,230,1,C 
07-04-2023,20.2,30,24.4,67,0.2,8.6,3,190,1,C 
08-04-2023,20,31.6,24.5,70,0.2,6,4,240,1,C 
09-04-2023,20,30.2,24.7,74,0.2,8.9,4,290,1,W 
10-04-2023,21.2,27.6,23.8,81,0.2,6.4,3,233,1,C 
11-04-2023,20.8,31,24.8,78,10.8,2.5,3,350,1,C 
12-04-2023,20.6,31.6,25,72,0.2,7.8,4,250,1,C 
13-04-2023,20.8,27.6,23.7,83,11.7,6.3,2,90,0,C 
14-04-2023,19,30.2,23.6,82,0.2,1.4,5,120,0,C 
15-04-2023,20.4,31,24.5,79,6.8,3.2,3,83,1,C 
16-04-2023,20.15506494,30.4,24.5,80,0.2,6.8,3,240,1,C 
17-04-2023,21.8,32,24.8,84,45.5,5,4,224,0,C 
18-04-2023,22,30.4,24.8,83,9.8,6.6,2,100,0,C 
19-04-2023,21.6,29.8,24.3,81,0.6,4.6,1,50,0,C 
20-04-2023,21.4,28.8,24.1,86,23,3.7,4,50,0,C 
21-04-2023,21.8,29.4,23.9,85,2.7,5,2,250,0,C 
22-04-2023,21.2,29.2,23.2,86,12.2,4.3,2,229,0,C 
23-04-2023,20.4,30,23.5,84,5.2,4.7,3,200,1,C 
24-04-2023,20.2,31.2,23.5,85,0.8,5,2,13,0,C 
25-04-2023,20.4,28.6,22.8,91,27.2,5.3,2,268,0,C 
26-04-2023,20.4,29.4,22.9,86,8,3.4,2,10,0,C 
27-04-2023,19.6,29.6,23.5,86,82.8,4.6,3,60,0,C 
28-04-2023,21,30,24.3,80,4.2,5.2,2,206,0,C 
29-04-2023,21,30.2,24.3,81,3.7,4.2,4,245,1,C 
30-04-2023,20.8,31.6,25.2,77,0.2,3.2,3,220,1,C 
01-05-2023,21.8,30,25,82,29.8,7.6,4,240,1,C 
02-05-2023,22,30.2,25,82,0.2,7.3,4,243,1,C 
03-05-2023,22,29.4,24.6,83,2.4,4,3,70,0,C 
04-05-2023,20.4,28,24.2,86,54.8,5,3,240,1,C 
05-05-2023,21.8,29.8,24.2,87,12.2,3.1,3,130,0,C 
06-05-2023,21,28.8,23.8,88,60.8,5.4,2,248,0,C 
07-05-2023,21,30.4,24.1,84,12.2,1.6,2,208,0,C 
08-05-2023,21.2,29.4,23.8,84,23,4.2,3,56,0,C 
09-05-2023,21.2,29.4,24.6,82,22.9,2.2,2,66,0,C 
10-05-2023,15.5,30.4,24,80,2,4.1,2,200,0,C 
11-05-2023,22,29.4,24.5,84,0.2,6.8,2,70,0,C 
12-05-2023,22,31.6,25.9,72,0.8,3.2,5,92,1,C 
13-05-2023,20.2,30.6,24.3,83,0.2,7,2,262,0,C 
14-05-2023,19,31.5,24.6,67,42.4,5.4,5,97,1,C 
15-05-2023,15.4,30.2,23.7,73,0.2,8.3,3,230,1,C 
16-05-2023,19.8,30.8,24.6,75,0.2,7.9,3,255,0,C 
17-05-2023,21,31.2,24.8,73,0.2,8.3,6,233,1,C 
18-05-2023,20.8,29.2,24.6,78,0.2,7.8,3,220,1,C 
19-05-2023,21.8,30,24.7,80,0.2,5.9,4,86,1,C 
20-05-2023,21.5,30.8,25,78,0.2,6.4,2,200,1,C 
21-05-2023,21.8,29.8,24.4,80,1,5.8,3,218,0,C 
22-05-2023,20,30.8,24,75,4.2,5.1,2,40,1,C 
23-05-2023,20.2,30.6,24.3,76,0.2,7.1,4,270,1,C 
24-05-2023,20.2,29.6,24.9,76,0.2,6.3,3,306,1,C 
25-05-2023,21.2,33.4,25.1,71,0.2,5.9,2,40,0,C 
26-05-2023,19.2,30.8,25,70,0.2,7.2,3,77,1,C 
27-05-2023,19.4,31,24.3,72,0.2,6,3,220,0,C 
28-05-2023,19.4,30.2,25,71,0.2,7.8,3,220,1,C 
29-05-2023,21.8,30.4,25.5,74,0.2,6.6,3,250,1,C 
30-05-2023,21.8,31,25.7,69,0.2,5.9,2,250,1,C 
31-05-2023,20.2,31,25.7,67,0.2,6.4,3,208,1,C 
01-06-2023,20.4,30.4,24.5,71,0.2,8.3,4,250,1,NE
02-06-2023,20.2,31.4,25.1,72,0.2,8,4,102,1,C 
03-06-2023,20.4,30.8,25.7,74,0.2,7.7,3,118,1,C 
04-06-2023,20.2,30.6,25,78,4.4,7.8,3,210,1,C 
05-06-2023,21.8,30.2,24.9,78,0.2,7.1,4,236,0,C 
06-06-2023,21.8,27.2,24,84,13.5,4.6,2,220,0,C 
07-06-2023,20.2,29.9,24.5,78,6.6,0.3,4,60,1,C 
08-06-2023,20.4,30,24.5,76,0.2,6.2,2,300,0,C 
09-06-2023,19.2,29.8,23.8,74,1,3.3,2,70,0,C 
10-06-2023,19.6,30.2,24,72,0.2,5.6,3,246,1,C 
11-06-2023,18.4,30.6,23.4,70,0.2,7.8,2,10,1,C 
12-06-2023,18.5,29.4,24,80,0.2,7.5,2,90,1,C 
13-06-2023,20,30.8,24.5,78,5.4,6.2,2,92,0,C 
14-06-2023,20.4,29.4,24.5,78,0.2,6.2,2,140,1,C 
15-06-2023,20.2,29.8,24.4,78,0.2,4.7,3,110,0,C 
16-06-2023,20.4,26.6,21.7,89,4.7,5.9,1,21,0,C 
17-06-2023,20,27.2,23.5,79,8.8,1.3,3,260,0,C 
18-06-2023,20.4,29.2,23.7,79,0.2,2.9,3,300,0,C 
19-06-2023,20.2,29,23.6,86,0.2,5.8,6,250,1,C 
20-06-2023,20,29.6,23.9,79,4.6,4,2,210,0,C 
21-06-2023,21.6,31,24.5,78,0.2,6.9,3,110,0,C 
22-06-2023,19.8,30.4,24.2,76,34,6.4,3,270,1,C 
23-06-2023,20.8,30.6,24.3,78,0.2,7.9,2,230,0,C 
24-06-2023,20.6,30.4,24.9,77,0.2,8,3,220,0,C 
25-06-2023,21.6,31,25.1,76,0.2,6.8,3,251,0,C 
26-06-2023,20.4,30.5,24.1,74,0.2,6.6,4,260,1,C 
27-06-2023,20.2,30.6,24,79,0.2,8,2,45,0,C 
28-06-2023,20,30,23.6,83,2.6,5.9,4,55,1,C 
29-06-2023,20,31,24.2,77,4,6.9,4,131,1,C 
30-06-2023,20,30,24,75,0.2,7.4,3,70,0,C 
01-07-2023,20,28.8,24.5,70,0.2,5.3,3,50,1,C 
02-07-2023,20.2,29.8,23.9,72,0.2,3.1,2,250,0,C 
03-07-2023,19.8,30.2,23.8,75,0.2,6.2,3,240,0,C 
04-07-2023,19.8,28.4,23.7,76,0.2,6.5,3,215,0,C 
05-07-2023,20,30.6,24.2,74,0.2,4.8,3,260,1,C 
06-07-2023,20.2,27.8,24.3,82,0.2,5.8,3,243,0,C 
07-07-2023,21.4,27.6,23.5,80,8.8,1,2,95,1,C 
08-07-2023,20.6,28.8,22.5,87,0.2,0.6,2,260,0,C 
09-07-2023,20.4,29.5,23.8,80,2.7,3.7,2,280,0,C 
10-07-2023,19.8,28.8,23.3,79,0.2,6.5,3,230,1,C 
11-07-2023,19,30.2,23.5,71,0.2,5,3,100,1,C 
12-07-2023,18.8,32,24.2,62,0.2,7.8,3,94,1,C 
13-07-2023,19,31,24.4,67,0.2,8.3,3,100,1,C 
14-07-2023,19,30,23.9,75,0.2,7.8,2,90,1,E 
15-07-2023,19.9,29.6,23.7,75,0.2,7.8,3,111,1,C 
16-07-2023,20,30.3,23.8,74,0.2,6.6,3,110,1,NE
17-07-2023,19.4,30.2,24,70,0.2,6.8,3,70,1,C 
18-07-2023,17,32,23.8,65,0.2,7.5,3,109,1,C 
19-07-2023,18.6,30,22.7,67,0.2,8.2,6,72,2,E 
20-07-2023,18.4,31,23.2,60,0.2,8.4,3,30,1,NE
21-07-2023,17.4,30,23.9,73,0.2,8.3,3,133,1,C 
22-07-2023,19,30,24.4,67,0.2,4.6,2,110,1,C 
23-07-2023,20.2,30.6,24.1,71,0.2,4.8,3,250,1,SW
24-07-2023,22,31,24.8,76,0.2,7.7,6,220,1,C 
25-07-2023,21,29.4,24.1,75,0.2,7.2,5,250,1,C 
26-07-2023,21.2,29.4,24.1,77,12.5,6.9,3,220,1,C 
27-07-2023,19,30,23.5,70,0.2,5.9,2,200,1,C 
28-07-2023,19.2,30.3,23.6,67,0.2,7.1,3,70,1,C 
29-07-2023,17.8,30,23.2,70,0.2,7,3,250,1,C 
30-07-2023,18.6,30.2,22.9,64,0.2,8.2,4,110,1,C 
31-07-2023,17.6,30,22.8,68,0.2,8,3,70,1,C 
01-08-2023,17.6,31.2,23.9,69,0.2,7.2,2,40,0,C 
02-08-2023,17.4,30.2,24.3,75,0.2,7.7,1,312,0,C 
03-08-2023,20.4,30.4,23.6,82,0.2,1.4,3,196,1,C 
04-08-2023,19.4,32,24.1,73,12.2,6.6,2,80,1,C 
05-08-2023,19.2,31.2,24.1,71,0.2,8.3,3,260,1,C 
06-08-2023,19.2,29.4,22.9,76,0.2,7.5,3,110,1,C 
07-08-2023,19,30.4,23.3,75,4.7,5.7,3,100,1,C 
08-08-2023,19,30.6,23.6,76,7.5,6.7,3,222,0,C 
09-08-2023,18.4,31,23.4,70,5.3,5.3,3,16,1,C 
10-08-2023,18.4,31,24.3,72,0.2,7.9,4,250,1,C 
11-08-2023,19.6,31.4,24.2,68,0.2,8.1,3,230,1,C 
12-08-2023,18,31,23.1,63,0.2,8,4,244,1,C 
13-08-2023,18.6,30.4,23.4,67,0.2,8.6,3,210,1,SW
14-08-2023,18.4,31.2,23.4,68,0.2,8.1,4,230,1,C 
15-08-2023,18.6,31.2,24,68,0.2,8.7,4,250,1,C 
16-08-2023,19.2,31.4,24.1,63,0.2,8.7,3,90,1,E 
17-08-2023,18.6,31.4,23.6,66,0.2,8.6,6,84,1,E 
18-08-2023,19.7,31,23.7,70,0.2,8,3,200,1,C 
19-08-2023,19.2,31.4,24.2,70,0.2,7.8,4,240,1,C 
20-08-2023,19.4,31.3,25.3,69,0.2,8.7,3,260,1,C 
21-08-2023,19.2,32.2,23.9,65,0.2,8,3,217,1,C 
22-08-2023,19.2,31.2,23.6,71,0.2,9.3,4,350,1,C 
23-08-2023,18.8,29.2,22.8,75,0.2,7,3,30,1,C 
24-08-2023,18.6,31.4,24,70,0.2,5.7,3,220,1,C 
25-08-2023,18.6,33.4,26,62,0.2,7.8,2,40,1,C 
26-08-2023,20.6,31.4,25,71,0.2,7.5,2,240,1,C 
27-08-2023,20,30.4,24.7,73,0.2,7.5,3,90,1,C 
28-08-2023,20.3,29.6,23.6,72,0.2,6.4,3,250,1,C 
29-08-2023,19.2,29.8,23.1,76,0.2,6.3,3,40,1,C 
30-08-2023,18.5,30.8,23.8,65,0.2,7,2,120,1,C 
31-08-2023,18,31.4,23.3,65,0.2,7.2,3,250,1,C 
